{
    "distanceTable4":[
        [0.400,31],
        [0.534,22],
        [0.554,21],
        [0.574,20],
        [0.593,19],
        [0.613,18],
        [0.651,17],
        [0.690,16],
        [0.728,15],
        [0.765,14],
        [0.804,13],
        [0.880,12],
        [0.939,11],
        [1.038,10],
        [1.133,9],
        [1.256,8],
        [1.403,7],
        [1.646,6],
        [1.989,5],
        [2.328,4],
        [2.893,3]
    ],
    "distanceTable5":[
        [0.405,31],
        [0.527,22],
        [0.569,21],
        [0.570,20],
        [0.593,19],
        [0.614,18],
        [0.653,17],
        [0.667,16],
        [0.730,15],
        [0.754,14],
        [0.828,13],
        [0.874,12],
        [0.946,11],
        [1.029,10],
        [1.118,9],
        [1.255,8],
        [1.394,7],
        [1.599,6],
        [1.892,5],
        [2.301,4],
        [2.938,3]
    ],
    "distanceTable6":[
        [0.397,31],
        [0.529,22],
        [0.541,21],
        [0.562,20],
        [0.582,19],
        [0.621,18],
        [0.638,17],
        [0.671,16],
        [0.721,15],
        [0.779,14],
        [0.834,13],
        [0.886,12],
        [0.94,11],
        [1.027,10],
        [1.134,9],
        [1.249,8],
        [1.41,7],
        [1.61,6],
        [1.892,5],
        [2.307,4],
        [2.922,3]
    ],
    "distanceSensorValues": [
        [9.00848,-1.28973,0.652045],
        [6.82109,-1.85361,2.00969],
        [0,0,0],
        [0,0,0],
        [9.43471,-1.2685,0.840075],
        [0,0,0],
        [0,0,0],
        [],
        []
    ],
    "FLP": 5,
    "FLI": 0.001,
    "FLD": 25,

    "FRP": 5,
    "FRI": 0.0015,
    "FRD": 25,

    "BLP": 6,
    "BLI": 0.0035,
    "BLD": 25,

    "BRP": 5,
    "BRI": 0.0015,
    "BRD": 15,

    "lineupP": 0.038,
    "lineupI": 0.0032,
    "lineupD": 0,

    "lineUPDeadband":0.05,
    "lineUPDistanceSensorDeadband":0.01,
    "lineUPRotateDeadband":10,
    "lineUPTargetDistance":45,
    "lineUPTimeOut":500,

    "angleP": 0.010575,
    "angleI": 1.42E-6,
    "angleD": 0,
    
    "elevatorP":0.2, 
    "elevatorI": 0,
    "elevatorD": 0,
    "elevatorFF": 0,
    "elevatorSlope": 0.1296420001272515,
    "elevatorMaxSpeed": 0.85,
    "elevatorMinSpeed": -0.35,
    "elevatorMaxRotations": 520,
    "elevatorMaxHeight": 68,
    "elevatorMinHeight": 19,
    "elevatorControlledTarget":4,

    "HABPlatformDeadBand":0.5,
    "HABPlatformCenterOffset":-0.5

}