{    
    "distanceSensorValues": [
        [9.00848, -1.28973, 0.652045],
        [6.82109, -1.85361, 2.00969],
        [8.58381, -1.32535, 1.27861],
        [7.68687, -1.55788, 2.31457],
        [9.43471, -1.2685,  0.840075],
        [8.52297, -1.30471, 1.32321],
        [7.70043, -1.60594, 2.4117],
        [7.94939, -1.48559, 2.03502],
        [7.73623, -1.56587, 2.25996],
        [7.72099, -1.59401, 2.33257]
    ],
    "FLP": 5,
    "FLI": 0.001,
    "FLD": 25,

    "FRP": 5,
    "FRI": 0.0015,
    "FRD": 25,

    "BLP": 6,
    "BLI": 0.0035,
    "BLD": 25,

    "BRP": 5,
    "BRI": 0.0015,
    "BRD": 15,

    "lineupP": 0.038,
    "lineupI": 0.0032,
    "lineupD": 0,

    "lineUPDeadband":0.05,
    "lineUPDistanceSensorDeadband":0.01,
    "lineUPRotateDeadband":10,
    "lineUPTargetDistance":45,
    "lineUPTimeOut":500,

    "angleP": 0.010575,
    "angleI": 1.42E-6,
    "angleD": 0,
    
    "elevatorP":0.2, 
    "elevatorI": 0,
    "elevatorD": 0,
    "elevatorFF": 0,
    "elevatorSlope": 0.1296420001272515,
    "elevatorMaxSpeed": 0.85,
    "elevatorMinSpeed": -0.35,
    "elevatorMaxRotations": 520,
    "elevatorMaxHeight": 68,
    "elevatorMinHeight": 19,
    "elevatorControlledTarget":4,

    "HABPlatformDeadBand":0.5,
    "HABPlatformCenterOffset":-0.5

}