{
    "distanceTable0": [
        [0.389, 31],
        [0.524, 22],
        [0.537, 21],
        [0.543, 20],
        [0.583, 19],
        [0.604, 18],
        [0.619, 17],
        [0.659, 16],
        [0.681, 15],
        [0.74, 14],
        [0.778, 13],
        [0.833, 12],
        [0.892, 11],
        [0.969, 10],
        [1.067, 9],
        [1.201, 8],
        [1.339, 7],
        [1.526, 6],
        [1.801, 5],
        [2.128, 4],
        [2.622, 3]
    ],
    "distanceTable1": [
        [0.472, 31],
        [0.552, 22],
        [0.573, 21],
        [0.576, 20],
        [0.591, 19],
        [0.624, 18],
        [0.651, 17],
        [0.680, 16],
        [0.698, 15],
        [0.731, 14],
        [0.783, 13],
        [0.847, 12],
        [0.955, 11],
        [1.04, 10],
        [1.134, 9],
        [1.262, 8],
        [1.393, 7],
        [1.619, 6],
        [1.877, 5],
        [2.232, 4],
        [2.822, 3]
    ],
    "distanceTable2": [
        [0.43, 31],
        [0.45, 29],
        [0.47, 27],
        [0.50, 25],
        [0.54, 23],
        [0.58, 21],
        [0.62, 19],
        [0.68, 17],
        [0.76, 15],
        [0.79, 14],
        [0.85, 13],
        [0.91, 12],
        [1.00, 11],
        [1.08, 10],
        [1.18, 9],
        [1.32, 8],
        [1.50, 7],
        [1.75, 6],
        [2.07, 5],
        [2.51, 4],
        [3.14, 3]
    ],
    "distanceTable3": [
        [0.39, 31],
        [0.42, 29],
        [0.44, 27],
        [0.48, 25],
        [0.51, 23],
        [0.57, 21],
        [0.57, 19],
        [0.64, 17],
        [0.70, 15],
        [0.75, 14],
        [0.79, 13],
        [0.85, 12],
        [0.93, 11],
        [1.00, 10],
        [1.10, 9],
        [1.24, 8],
        [1.35, 7],
        [1.54, 6],
        [1.73, 5],
        [2.14, 4],
        [2.76, 3]
    ],
    "distanceTable4":[
        [0.400,31],
        [0.534,22],
        [0.554,21],
        [0.574,20],
        [0.593,19],
        [0.613,18],
        [0.651,17],
        [0.690,16],
        [0.728,15],
        [0.765,14],
        [0.804,13],
        [0.880,12],
        [0.939,11],
        [1.038,10],
        [1.133,9],
        [1.256,8],
        [1.403,7],
        [1.646,6],
        [1.989,5],
        [2.328,4],
        [2.893,3]
    ],
    "distanceSensorValues": [
        [2.77796, 2.5064, 0.105774, 0.296465, 3.616, 0.00192396],
        [39.4714, 10.5147, 0.0235997, 3.90023, 11.6103, 0.000597225],
        [31.1277, 2.03942, 1.285, 2.97952, 3.08719, 0.00183152],
        [20.0191, -1.25134, 0.434041, 4.29208, -0.00667298, -2.24084],
        [20.441, -0.660535, 2.17032, 2.78479, 0.43644, -0.592562]
    ],
    "FLP": 5,
    "FLI": 0.001,
    "FLD": 25,

    "FRP": 5,
    "FRI": 0.0015,
    "FRD": 25,

    "BLP": 6,
    "BLI": 0.0035,
    "BLD": 25,

    "BRP": 5,
    "BRI": 0.0015,
    "BRD": 15,

    "lineupP": 0.038,
    "lineupI": 0.0032,
    "lineupD": 0,

    "lineUPDeadband":0.01,
    "lineUPDistanceSensorDeadband":0.01,
    "lineUPRotateDeadband":10,
    "lineUPTargetDistance":40,
    "lineUPTimeOut":100,

    "angleP": 0.010575,
    "angleI": 1.42E-6,
    "angleD": 0,
    
    "elevatorP":0.2, 
    "elevatorI": 0,
    "elevatorD": 0,
    "elevatorFF": 0,
    "elevatorSlope": 0.1296420001272515,
    "elevatorMaxSpeed": 0.7,
    "elevatorMinSpeed": -0.4,
    "elevatorMaxRotations": 530,
    "elevatorMaxHeight": 70,
    "elevatorMinHeight": 19.5,
    "elevatorHeight": 40
}