{
    "distanceTable0": [
        [0.51, 25],
        [0.57, 23],
        [0.59, 21],
        [0.61, 19],
        [0.66, 17],
        [0.73, 15],
        [0.77, 14],
        [0.83, 13],
        [0.88, 12],
        [0.94, 11],
        [1.04, 10],
        [1.15, 9],
        [1.27, 8],
        [1.48, 7],
        [1.74, 6],
        [2.04, 5],
        [2.55, 4],
        [3.09, 3]
    ],
    "distanceTable1": [
        [0.42, 31],
        [0.44, 29],
        [0.46, 27],
        [0.48, 25],
        [0.53, 23],
        [0.56, 21],
        [0.60, 19],
        [0.65, 17],
        [0.74, 15],
        [0.79, 14],
        [0.83, 13],
        [0.89, 12],
        [0.94, 11],
        [1.04, 10],
        [1.16, 9],
        [1.29, 8],
        [1.41, 7],
        [1.63, 6],
        [1.90, 5],
        [2.40, 4],
        [3.00, 3]
    ],
    "distanceTable2": [
        [0.43, 31],
        [0.45, 29],
        [0.47, 27],
        [0.50, 25],
        [0.54, 23],
        [0.58, 21],
        [0.62, 19],
        [0.68, 17],
        [0.76, 15],
        [0.79, 14],
        [0.85, 13],
        [0.91, 12],
        [1.00, 11],
        [1.08, 10],
        [1.18, 9],
        [1.32, 8],
        [1.50, 7],
        [1.75, 6],
        [2.07, 5],
        [2.51, 4],
        [3.14, 3]
    ],
    "distanceTable3": [
        [0.39, 31],
        [0.42, 29],
        [0.44, 27],
        [0.48, 25],
        [0.51, 23],
        [0.57, 21],
        [0.57, 19],
        [0.64, 17],
        [0.70, 15],
        [0.75, 14],
        [0.79, 13],
        [0.85, 12],
        [0.93, 11],
        [1.00, 10],
        [1.10, 9],
        [1.24, 8],
        [1.35, 7],
        [1.54, 6],
        [1.73, 5],
        [2.14, 4],
        [2.76, 3]
    ],
    "distanceSensorValues": [
        [21.1297, -1.86995, 15.6949, 0.0573428, 3.38124, 3.51125],
        [31.1534, 3.01684, 0.0477401, 2.97265, 4.14756, -0.00588378],
        [31.1277, 2.03942, 1.285, 2.97952, 3.08719, 0.00183152],
        [20.0191, -1.25134, 0.434041, 4.29208, -0.00667298, -2.24084]
    ],
    "FLP": 5,
    "FLI": 0.001,
    "FLD": 25,

    "FRP": 5,
    "FRI": 0.0015,
    "FRD": 25,

    "BLP": 6,
    "BLI": 0.0035,
    "BLD": 25,

    "BRP": 5,
    "BRI": 0.0015,
    "BRD": 15,

    "lineupP": 0.038,
    "lineupI": 0.0032,
    "lineupD": 0,

    "lineUPDeadband":0.01,
    "lineUPDistanceSensorDeadband":0.01,
    "lineUPRotateDeadband":10,
    "lineUPTargetDistance":40,
    "lineUPTimeOut":100,

    "angleP": 0.010575,
    "angleI": 1.42E-6,
    "angleD": 0,
    
    "elevatorP":0.2, 
    "elevatorI": 0,
    "elevatorD": 0,
    "elevatorFF": 0,
    "elevatorSlope": 0.1296420001272515,
    "elevatorMaxSpeed": 0.7,
    "elevatorMinSpeed": -0.4,
    "elevatorMaxRotations": 530,
    "elevatorMaxHeight": 70,
    "elevatorMinHeight": 19.5,
    "elevatorHeight": 40
}